"CustomerID","Age","Gender","ProductCategory","Quantity","Price","PurchaseDate","PaymentMode"
1,48,"Female","Furniture",3,NA,2025-08-26,"UPI"
2,32,"Female","Furniture",NA,3199,2024-06-22,"UPI"
3,31,"Male","Furniture",NA,2868,2024-04-28,"Cash"
4,NA,"Female","Furniture",2,4322,2023-09-25,"Cash"
NA,59,"Male","Furniture",1,2033,2024-07-31,NA
6,NA,"Female","Furniture",5,2599,2025-05-19,"Credit Card"
7,54,NA,"Grocery",1,275,2024-11-17,"NetBanking"
8,31,"Female","Clothing",10,402,2024-12-30,"Cash"
9,42,"Male","Electronics",6,1476,2023-01-16,"NetBanking"
10,43,"Female","Electronics",NA,642,2024-06-08,"UPI"
11,44,"Male","Electronics",7,1952,2024-10-19,"NetBanking"
12,22,"Female","Clothing",6,938,2023-11-22,"NetBanking"
13,44,"Other","Electronics",10,1672,2025-05-26,"UPI"
14,45,"Female","Furniture",5,4767,2024-06-16,"NetBanking"
15,26,"Other","Electronics",7,663,2025-01-17,"UPI"
16,46,"Female","Grocery",10,181,2024-09-15,"NetBanking"
17,NA,"Male","Grocery",7,384,2023-07-30,"Credit Card"
18,25,"Male","Clothing",3,NA,2023-12-06,"Credit Card"
19,43,"Female","Furniture",3,4445,2024-02-08,"Cash"
20,24,"Male","Electronics",NA,782,2024-10-15,"Cash"
21,59,"Male","Grocery",9,132,2025-04-04,"UPI"
22,26,"Female","Grocery",2,431,2023-08-30,"Credit Card"
23,36,"Male","Grocery",4,377,2023-07-15,"Cash"
24,53,"Male","Furniture",3,2785,2023-01-17,"Credit Card"
25,NA,"Female","Electronics",10,1687,2025-07-05,"Cash"
26,NA,NA,"Clothing",2,490,2025-05-02,"Credit Card"
27,60,"Male","Furniture",1,1784,2023-05-23,NA
28,56,"Male","Grocery",2,500,2024-02-24,"NetBanking"
29,29,"Male",NA,3,181,2024-07-12,"UPI"
30,32,"Male","Electronics",3,1713,2025-05-26,"Cash"
31,49,"Female","Grocery",7,190,2023-01-16,"UPI"
32,59,"Male","Grocery",NA,433,2024-02-23,"Credit Card"
33,62,"Female","Furniture",4,4821,2024-06-04,"UPI"
NA,24,"Female","Electronics",1,1163,2023-12-09,"Cash"
35,26,"Male","Furniture",2,2923,2023-12-31,"NetBanking"
36,58,"Other","Electronics",7,1624,2024-12-09,"Credit Card"
37,27,"Female","Electronics",8,NA,2025-02-10,"UPI"
38,40,"Male","Furniture",NA,2180,2023-09-13,"Cash"
39,44,"Male","Clothing",6,784,2023-07-18,"UPI"
NA,24,"Male","Electronics",6,1344,NA,"Cash"
41,44,"Female","Grocery",9,249,2025-07-20,"Cash"
42,49,"Female","Furniture",3,2539,2023-02-10,"NetBanking"
43,55,"Female","Electronics",6,1714,NA,"Cash"
44,42,"Female","Furniture",2,2473,2023-01-14,"NetBanking"
45,51,"Female","Electronics",5,1899,NA,"NetBanking"
46,NA,"Male","Grocery",3,277,2023-12-27,"UPI"
47,22,"Female","Furniture",7,2303,2024-02-04,"Cash"
48,25,"Male","Grocery",7,90,2025-05-29,"Credit Card"
49,29,"Female","Electronics",7,1772,2024-09-05,"Credit Card"
50,30,"Male","Clothing",6,350,2025-08-05,"Cash"
51,NA,"Male","Electronics",9,1133,2023-09-21,"UPI"
52,50,"Female","Furniture",10,4733,NA,"Credit Card"
53,44,"Male","Electronics",5,NA,2023-03-05,"NetBanking"
54,42,"Female","Furniture",10,2293,2023-08-19,"Cash"
55,55,"Female","Clothing",7,695,2024-02-18,"Credit Card"
56,38,"Female","Clothing",2,993,2023-10-23,"Cash"
57,32,"Female","Grocery",5,140,2024-08-23,"Credit Card"
58,58,"Male","Furniture",9,3098,2025-02-12,"Credit Card"
59,64,NA,"Clothing",4,202,2025-08-29,"NetBanking"
60,43,"Female","Clothing",9,859,2024-09-12,"Cash"
61,48,"Female","Grocery",3,218,2025-01-09,"NetBanking"
NA,33,"Female","Clothing",1,796,2023-05-26,"UPI"
63,47,NA,"Electronics",9,999,2025-06-15,"UPI"
64,23,"Male","Furniture",9,4662,2024-08-13,"Cash"
65,60,"Male","Electronics",10,730,2024-04-26,"NetBanking"
66,25,"Male","Electronics",9,1395,2023-02-16,NA
67,39,"Female","Grocery",10,84,2024-01-24,"Credit Card"
68,39,"Other","Furniture",1,2457,2024-07-13,"Credit Card"
69,56,"Female","Clothing",5,390,2023-02-16,"Cash"
70,48,"Male","Furniture",2,2927,2024-03-30,"NetBanking"
71,65,"Male","Grocery",4,385,2023-03-24,"Cash"
72,34,"Female",NA,3,1958,2024-04-19,"Credit Card"
73,51,"Male","Furniture",6,4502,2025-06-03,"UPI"
74,21,"Female","Grocery",2,87,2023-01-16,"Cash"
75,30,"Male","Clothing",2,471,2023-07-02,"NetBanking"
76,22,"Female","Clothing",8,981,NA,"Credit Card"
77,42,"Female","Clothing",NA,876,2025-08-26,"NetBanking"
78,39,"Male","Furniture",4,1228,2024-06-22,"UPI"
79,42,"Female","Furniture",7,3017,2025-02-22,"Credit Card"
80,49,"Female","Electronics",2,959,2023-11-07,"UPI"
81,63,"Other","Grocery",3,106,2023-07-21,"UPI"
82,42,"Male","Grocery",10,358,2024-03-04,"NetBanking"
83,40,"Female","Furniture",4,4171,2024-09-03,"Cash"
84,52,"Female","Grocery",8,414,2024-05-22,"NetBanking"
85,57,"Male","Grocery",2,113,2023-08-13,"NetBanking"
86,65,"Male","Furniture",3,4763,2023-09-03,"NetBanking"
87,47,NA,"Clothing",5,292,NA,"Credit Card"
88,29,"Male","Clothing",3,930,2024-12-25,"Credit Card"
89,48,"Female","Electronics",9,794,2024-02-21,"Cash"
90,63,"Female","Furniture",7,NA,2023-08-04,"UPI"
NA,47,"Female","Clothing",10,292,2025-01-23,"Cash"
92,52,"Female","Grocery",10,209,2023-05-14,"Credit Card"
93,31,"Female","Electronics",4,1421,2025-01-26,"UPI"
94,46,"Male","Grocery",2,71,2023-05-26,"Credit Card"
95,49,"Female","Clothing",2,965,2023-11-14,"Cash"
96,24,"Male","Grocery",2,198,2023-11-14,"Credit Card"
97,20,"Male","Clothing",6,368,2023-04-24,"Cash"
98,40,NA,NA,10,1650,2023-04-19,"Cash"
99,32,"Female","Electronics",6,722,2024-04-18,"Credit Card"
100,38,"Other","Electronics",9,1950,2023-06-07,"Credit Card"
101,54,"Male",NA,3,996,2024-09-19,"UPI"
102,25,"Other","Electronics",5,1751,2025-05-12,"Cash"
103,27,"Male","Clothing",9,914,2024-12-28,"Cash"
104,59,"Female","Electronics",8,1516,2023-02-24,"Cash"
105,61,"Female","Grocery",10,91,NA,"Cash"
106,51,"Male","Electronics",3,1540,2023-10-04,"UPI"
107,NA,"Male","Grocery",8,93,2023-02-19,"Cash"
108,39,"Female","Furniture",5,2910,2023-08-13,"Cash"
109,29,"Male","Grocery",2,111,2023-05-12,"Cash"
110,37,"Female","Furniture",1,4770,2024-10-05,"Credit Card"
111,63,"Male","Clothing",1,567,2025-07-10,"Cash"
NA,34,"Male","Clothing",3,231,NA,"Cash"
113,63,"Female","Clothing",3,889,2024-02-24,"UPI"
114,52,"Other","Furniture",7,NA,2023-05-14,"Credit Card"
115,57,"Male","Grocery",10,137,2024-08-06,"Cash"
116,63,"Female","Electronics",8,717,2023-10-19,"Credit Card"
117,47,"Male","Electronics",4,826,2023-06-08,"UPI"
118,32,"Other","Grocery",1,267,2023-08-08,"Cash"
119,41,"Other","Furniture",1,4404,2025-01-16,"NetBanking"
120,40,"Female","Electronics",8,1168,2023-02-18,"Credit Card"
121,60,"Male",NA,4,1867,NA,"UPI"
122,24,"Female","Electronics",9,1395,2024-03-14,"NetBanking"
123,46,"Male","Clothing",3,666,2024-03-03,"Credit Card"
124,32,"Male","Electronics",10,840,2025-06-30,"UPI"
125,40,"Female","Clothing",2,502,NA,"Credit Card"
126,43,"Female","Grocery",10,275,2025-06-10,"Credit Card"
127,55,"Male","Electronics",9,1709,2023-09-09,"UPI"
128,63,"Male","Furniture",5,2890,2023-04-03,"Credit Card"
129,49,"Male","Furniture",8,3194,2024-08-14,"Cash"
130,24,"Male","Grocery",5,406,2024-01-04,"UPI"
131,44,"Female","Electronics",10,983,2023-10-04,"Credit Card"
132,59,"Male","Grocery",2,121,2023-05-16,"Credit Card"
133,22,"Female","Grocery",3,137,2024-08-09,"Credit Card"
NA,NA,"Male","Clothing",3,868,2023-12-30,"Credit Card"
135,33,"Male","Electronics",8,1858,2023-05-25,"Cash"
136,41,"Male","Grocery",7,370,2025-02-08,NA
137,49,"Female","Grocery",8,499,2025-06-14,"Cash"
138,38,"Female","Furniture",4,2440,2024-08-23,"UPI"
139,28,"Male","Electronics",5,1527,2025-06-04,"NetBanking"
140,53,"Female","Clothing",1,865,2023-01-09,"UPI"
141,61,"Male","Clothing",5,411,2025-05-22,"Credit Card"
142,63,"Male","Furniture",9,2158,2024-09-12,NA
143,36,"Male","Clothing",7,599,2025-06-24,"Credit Card"
144,42,"Female","Furniture",6,2533,2023-01-02,"Cash"
NA,56,"Male","Grocery",1,NA,2023-08-04,"NetBanking"
146,43,"Male","Furniture",10,3293,2025-08-20,"Cash"
147,26,"Female","Grocery",1,445,2023-06-06,"Credit Card"
148,24,"Male","Furniture",8,4269,NA,"Cash"
149,51,"Male","Grocery",10,242,2023-11-15,"NetBanking"
150,65,"Female","Furniture",5,4957,2023-04-05,"Credit Card"
151,30,"Other","Electronics",8,1353,2024-08-13,"Cash"
152,36,"Male","Furniture",2,1386,2023-11-22,"UPI"
153,64,"Male","Clothing",6,779,2025-07-19,"Cash"
154,56,"Female",NA,7,903,2025-01-19,"NetBanking"
155,21,"Female","Electronics",7,1211,2024-06-17,"UPI"
156,18,"Male","Electronics",1,1393,2024-06-11,"Credit Card"
157,57,"Other","Electronics",8,1405,2024-07-21,"UPI"
158,47,"Female","Clothing",9,574,2025-03-14,"NetBanking"
159,47,"Male","Grocery",5,290,2024-03-16,"NetBanking"
NA,42,"Male","Grocery",1,181,2025-07-07,NA
161,33,"Male","Grocery",5,327,2023-07-01,"NetBanking"
162,41,"Female","Furniture",5,1154,2024-01-10,"UPI"
163,28,"Male","Grocery",5,NA,2024-01-22,NA
164,65,"Female","Electronics",3,1414,2025-07-25,"UPI"
165,37,"Male","Electronics",7,1643,2023-09-05,"Credit Card"
NA,57,"Male","Grocery",6,469,2024-05-07,"UPI"
167,20,"Male","Electronics",6,1957,NA,"Credit Card"
168,46,"Other","Furniture",2,1919,2024-09-26,"Credit Card"
169,53,"Male","Electronics",4,NA,2023-07-04,"UPI"
170,61,"Male","Furniture",6,1610,2024-04-18,"UPI"
171,39,"Male","Electronics",5,1047,2024-12-31,"UPI"
172,59,"Female","Furniture",1,3345,2025-02-07,"Credit Card"
173,37,"Male","Furniture",6,2315,2024-04-21,"NetBanking"
174,28,"Male","Furniture",4,4924,2023-08-14,"Cash"
175,25,"Other","Grocery",9,75,2023-07-05,"NetBanking"
176,63,"Female","Grocery",8,129,2024-07-18,"Cash"
177,38,"Male","Furniture",2,3846,2025-08-22,NA
178,62,"Female","Furniture",3,1304,2023-06-19,"UPI"
179,19,"Male","Furniture",7,4279,2025-02-24,"Credit Card"
180,60,"Male","Clothing",7,359,2025-05-08,"UPI"
181,30,"Female","Grocery",7,179,NA,"NetBanking"
182,63,"Female","Clothing",9,950,2025-04-19,"UPI"
183,23,"Other","Furniture",8,3807,2025-05-18,"NetBanking"
184,25,"Male","Furniture",3,1506,NA,"UPI"
185,61,"Female","Furniture",6,3686,2024-07-03,"Credit Card"
186,49,"Male","Furniture",3,2290,2024-11-07,"Cash"
187,53,"Other","Clothing",4,260,2024-07-22,"Credit Card"
NA,62,"Female","Clothing",9,591,2023-05-19,"UPI"
189,31,"Male","Clothing",10,694,2024-07-15,"Cash"
190,33,"Female","Grocery",10,447,2025-03-28,"NetBanking"
191,40,"Other","Clothing",NA,963,NA,NA
192,50,"Other","Furniture",8,3811,2023-09-07,"Cash"
193,57,"Male","Furniture",4,1259,2024-09-02,"UPI"
194,57,"Female","Grocery",8,334,2023-03-31,NA
195,27,"Male","Furniture",3,2393,2024-04-11,"Cash"
196,42,"Male","Clothing",6,922,2023-08-04,"Cash"
197,25,"Male","Electronics",1,1769,2024-11-11,"Credit Card"
198,35,"Female","Electronics",6,1946,2024-10-14,"NetBanking"
199,26,"Female","Grocery",1,272,2023-12-24,"Credit Card"
200,24,NA,"Electronics",9,971,2023-09-21,"Cash"
201,24,"Male","Clothing",3,350,2024-12-08,"Cash"
202,27,"Other","Clothing",6,457,2025-07-03,"NetBanking"
203,41,"Male","Clothing",9,295,2025-08-15,"UPI"
204,40,"Female","Electronics",9,594,2024-03-16,"Credit Card"
205,43,"Female","Grocery",4,201,NA,"Cash"
206,60,"Female","Furniture",1,1712,2023-11-21,"Credit Card"
207,50,"Female","Grocery",9,459,2024-04-22,"Credit Card"
208,46,"Female","Clothing",5,303,2024-06-10,"Credit Card"
209,27,"Female",NA,8,794,NA,"Credit Card"
210,30,"Female","Clothing",9,239,2025-04-12,"Cash"
211,60,NA,"Furniture",NA,2636,2024-02-18,"Cash"
212,NA,"Female","Grocery",5,200,2024-09-21,"UPI"
213,42,"Male","Electronics",7,1625,2025-05-14,"Cash"
214,43,"Female","Clothing",2,744,2023-01-08,"Cash"
215,24,"Male","Grocery",1,475,2025-03-23,"UPI"
216,42,"Female","Electronics",8,1638,2024-10-07,"Cash"
217,40,"Female","Furniture",1,1691,2023-06-14,"Cash"
218,43,"Female",NA,9,249,2024-10-11,"UPI"
219,49,"Male","Grocery",5,91,2025-04-14,"UPI"
220,37,"Female","Clothing",5,885,2025-03-19,"NetBanking"
221,41,"Male","Grocery",NA,371,2023-10-14,"Cash"
222,26,"Male",NA,6,3168,2025-01-04,"NetBanking"
223,58,"Male","Grocery",5,472,2023-03-05,"NetBanking"
224,54,"Female","Clothing",10,924,2024-07-26,"Cash"
225,40,"Female","Furniture",1,3768,2024-10-23,"NetBanking"
226,31,"Female","Electronics",6,NA,2024-11-21,"UPI"
227,63,"Female","Electronics",3,520,2023-09-16,"Credit Card"
228,23,"Female","Furniture",9,3569,2025-07-25,"UPI"
NA,NA,"Other","Grocery",2,431,2024-06-22,"NetBanking"
230,18,"Male","Electronics",7,1755,2023-07-04,"UPI"
231,43,"Female","Grocery",3,289,2023-02-09,"Credit Card"
232,59,"Male","Grocery",5,89,2024-05-08,NA
233,34,"Female",NA,1,208,2024-08-14,NA
234,46,"Male","Grocery",4,279,2024-01-01,"UPI"
235,43,"Male","Furniture",10,NA,2023-07-15,"UPI"
236,44,"Female","Electronics",10,1475,2023-10-07,"NetBanking"
237,38,"Female","Electronics",9,1602,2024-09-27,"UPI"
238,24,"Female","Electronics",2,897,2024-02-10,"Credit Card"
239,43,"Male","Grocery",1,493,2024-11-27,"NetBanking"
240,58,NA,"Electronics",3,1871,NA,"Cash"
241,37,"Other","Clothing",NA,877,2024-08-09,"UPI"
242,23,"Female",NA,5,769,2023-08-31,"NetBanking"
243,47,"Male","Clothing",8,530,2023-09-15,"Credit Card"
244,48,"Female","Furniture",5,4249,NA,"Cash"
245,46,"Female","Electronics",2,1531,2024-11-01,"NetBanking"
246,34,"Female","Furniture",2,2169,2023-11-25,"Cash"
247,54,"Male","Furniture",6,3377,2024-03-09,"Credit Card"
248,37,"Female","Clothing",2,768,2023-10-07,"NetBanking"
249,52,"Female","Clothing",7,909,2023-05-09,"NetBanking"
250,42,"Other","Clothing",7,NA,2023-01-22,"Credit Card"
251,63,"Male","Furniture",7,4539,2023-04-15,"UPI"
252,50,"Female","Grocery",5,237,2025-03-30,"Cash"
253,19,"Male","Grocery",9,131,2024-05-20,"Credit Card"
254,21,"Female","Clothing",6,475,2023-06-22,"Credit Card"
255,27,"Male","Furniture",3,4951,2025-05-07,"Cash"
256,NA,"Female","Clothing",3,915,2025-01-21,"Cash"
257,22,"Female","Clothing",3,502,2024-12-04,"UPI"
258,42,"Male","Furniture",5,1276,2024-10-18,"Credit Card"
259,25,"Female","Grocery",8,306,2025-07-12,"UPI"
260,42,"Male","Electronics",7,1858,2024-11-11,"NetBanking"
261,38,"Female","Grocery",4,96,2023-02-25,"Cash"
262,62,"Female","Furniture",9,3414,2024-06-17,"Credit Card"
263,35,"Male","Electronics",5,671,2023-09-16,"Cash"
264,59,"Female","Clothing",9,279,2023-04-03,"UPI"
265,48,"Female","Grocery",5,112,2024-11-25,"Cash"
266,23,NA,"Clothing",4,NA,2025-03-30,"Cash"
267,24,"Female","Clothing",1,250,2025-05-30,"Credit Card"
268,58,"Female","Electronics",6,1467,2024-02-03,"UPI"
269,65,"Female","Clothing",9,918,2025-07-17,"Cash"
270,NA,"Male","Furniture",7,2212,2023-12-25,"Cash"
271,62,"Male","Furniture",3,4542,2024-04-21,"Cash"
272,45,"Female","Grocery",NA,355,2025-08-31,"NetBanking"
273,57,"Female",NA,1,3388,2025-01-07,"NetBanking"
274,24,"Female","Clothing",1,380,2024-09-01,"UPI"
275,37,"Male","Grocery",6,428,2023-07-30,"Cash"
276,35,"Male","Grocery",NA,375,2024-10-26,"Cash"
277,46,"Male","Furniture",7,4745,2023-04-28,NA
278,34,NA,"Clothing",6,664,2025-07-19,"NetBanking"
279,50,"Female","Electronics",2,1599,2025-08-04,"NetBanking"
280,19,"Female","Electronics",8,1145,2024-10-20,"Cash"
281,19,"Male",NA,1,692,2024-11-24,"Cash"
282,30,"Male","Grocery",10,262,2024-11-10,"UPI"
283,NA,"Male","Clothing",4,789,2024-08-24,NA
284,20,"Male","Electronics",7,1483,2025-03-04,"Credit Card"
285,NA,"Female","Grocery",8,441,2025-05-16,"Credit Card"
286,19,"Female","Electronics",1,1428,2024-06-29,"NetBanking"
NA,54,"Male","Electronics",8,877,2023-09-30,"Cash"
288,29,"Female","Grocery",6,234,2024-07-25,"NetBanking"
289,NA,"Male","Electronics",9,1040,2024-10-14,"Credit Card"
290,59,"Female",NA,8,2001,2025-06-17,"UPI"
291,23,"Male","Clothing",5,868,2025-02-26,NA
292,59,"Female","Furniture",9,2480,2024-12-13,"Credit Card"
293,59,NA,"Grocery",6,197,2023-02-05,"UPI"
294,55,"Male","Furniture",7,2671,2023-02-15,"NetBanking"
295,65,"Male","Grocery",8,139,2025-03-28,"Cash"
296,33,"Female","Grocery",3,67,2024-08-01,"UPI"
297,52,"Male","Grocery",9,NA,2023-01-12,NA
298,53,"Female","Grocery",3,292,NA,"UPI"
299,44,"Male","Clothing",3,349,2024-02-07,"NetBanking"
300,44,"Male","Electronics",6,1573,NA,"Cash"
301,52,"Male","Grocery",9,434,2025-07-14,"UPI"
302,40,"Male","Clothing",4,691,2025-06-30,"UPI"
303,20,"Male","Electronics",1,NA,2023-06-17,"UPI"
304,48,"Other","Electronics",5,1692,2024-05-09,"UPI"
305,65,"Other","Grocery",8,451,2025-08-13,"Credit Card"
306,19,"Female","Clothing",8,200,2024-02-13,"UPI"
307,64,"Male","Clothing",7,410,NA,"UPI"
308,40,"Female","Furniture",1,1509,2024-04-26,"Cash"
309,20,"Female","Clothing",5,871,2023-06-26,"UPI"
310,26,"Female","Clothing",2,776,2023-04-18,"Cash"
311,56,"Female","Clothing",2,614,2024-11-23,"Cash"
312,47,"Female","Electronics",7,1333,2024-03-23,"Cash"
313,NA,"Female","Furniture",4,3958,2023-06-02,"Credit Card"
314,47,"Male","Furniture",4,1008,2023-08-23,"UPI"
315,26,"Male","Grocery",10,438,2025-02-04,"NetBanking"
316,53,"Male","Grocery",2,221,2023-06-06,"UPI"
317,51,"Male","Grocery",2,368,2023-11-13,"NetBanking"
318,39,"Female","Clothing",4,265,2023-01-31,"Credit Card"
319,61,"Male","Grocery",4,406,2023-02-21,"UPI"
320,58,"Male","Clothing",NA,923,2023-02-24,"NetBanking"
321,45,"Male","Electronics",NA,934,2023-07-30,"Cash"
322,46,"Male","Electronics",9,759,2024-09-28,"UPI"
323,60,"Female",NA,1,4581,2024-06-11,"Cash"
324,56,"Male","Grocery",1,111,2024-11-20,"Cash"
NA,62,"Male","Grocery",8,289,2024-12-07,"Cash"
326,NA,"Male","Furniture",8,3728,2023-08-01,"NetBanking"
327,60,"Female","Furniture",10,2639,2025-06-08,"UPI"
328,50,NA,"Grocery",6,203,2023-03-15,"Credit Card"
NA,36,"Female",NA,2,400,2025-05-26,"Cash"
330,29,"Male","Electronics",5,1506,NA,"NetBanking"
331,51,"Female","Electronics",NA,1330,2024-10-20,"UPI"
332,38,"Male","Electronics",3,1411,2024-10-15,"Cash"
333,34,"Male","Electronics",8,786,2023-12-06,"UPI"
334,29,"Other","Electronics",1,1517,2025-04-15,"Cash"
335,47,"Male","Furniture",9,2674,2023-08-29,"UPI"
336,52,"Other","Furniture",8,1776,NA,"UPI"
337,47,"Male","Clothing",4,311,2024-08-12,"Cash"
338,42,"Male","Electronics",4,1863,2023-01-12,"Credit Card"
339,64,"Female","Clothing",5,405,2023-09-21,"Credit Card"
340,20,"Female","Clothing",2,637,2025-07-19,"Cash"
341,35,"Female","Grocery",2,498,2023-05-30,"Credit Card"
342,49,"Male","Electronics",7,NA,2025-09-01,"Cash"
343,34,"Female","Grocery",1,191,2024-05-20,"Cash"
344,55,"Female","Grocery",3,487,2023-09-15,"UPI"
345,59,NA,"Electronics",8,NA,2023-04-30,"UPI"
346,57,"Male","Clothing",2,919,2025-04-10,"UPI"
347,59,"Female","Furniture",3,1117,NA,"Cash"
348,49,"Male","Grocery",5,112,2025-03-16,"UPI"
349,43,"Female","Clothing",1,766,2023-10-03,"Credit Card"
350,NA,NA,"Electronics",4,824,2024-09-16,"Credit Card"
351,37,"Male","Grocery",10,179,2024-05-28,"NetBanking"
352,55,"Female","Clothing",6,395,2023-06-22,"Cash"
NA,37,"Female","Electronics",4,1232,2024-04-05,"Credit Card"
354,46,"Male","Grocery",5,98,2023-07-27,"Cash"
355,37,"Male",NA,2,978,2024-10-09,"Cash"
356,47,"Female","Clothing",5,445,2024-03-13,"Credit Card"
NA,58,NA,"Clothing",5,308,2025-08-25,"UPI"
358,65,"Female","Furniture",1,3498,NA,"Cash"
359,25,"Female","Furniture",7,2326,2025-08-18,"Credit Card"
360,56,"Female","Furniture",9,1162,2024-11-29,"NetBanking"
361,NA,"Male","Furniture",6,3965,2024-06-11,"UPI"
362,34,"Male","Electronics",7,751,2023-08-09,"UPI"
363,35,"Female","Furniture",9,1304,2025-02-17,"Cash"
364,57,"Male","Furniture",4,4248,2024-03-06,"UPI"
365,59,"Female",NA,4,268,2024-05-15,"NetBanking"
366,28,"Male","Electronics",7,1264,2025-04-29,"Credit Card"
367,61,"Male","Grocery",5,434,2023-06-07,"Cash"
NA,19,"Male","Clothing",10,627,2024-05-09,"NetBanking"
369,36,"Male","Grocery",6,126,2024-11-17,"NetBanking"
370,30,"Female","Grocery",7,497,2025-07-14,"NetBanking"
371,30,"Female","Grocery",2,280,2025-08-12,"UPI"
372,48,"Male","Electronics",2,NA,NA,"UPI"
373,47,"Other","Furniture",9,3630,2025-02-28,"Credit Card"
374,39,NA,"Electronics",4,867,2024-02-01,"UPI"
375,47,"Female","Furniture",10,3157,2024-12-03,"NetBanking"
376,27,"Female","Electronics",1,NA,2023-08-25,"Credit Card"
377,33,"Male","Furniture",2,2624,2025-01-19,"Credit Card"
378,22,"Male","Electronics",9,957,2024-09-15,"NetBanking"
379,53,"Male","Clothing",3,969,2024-09-29,"UPI"
380,50,"Other","Clothing",1,525,2023-06-01,"Credit Card"
381,33,"Male","Electronics",6,1226,2023-01-30,"Cash"
382,45,"Female","Furniture",9,3635,2025-05-26,"Cash"
383,29,"Female","Electronics",2,1430,2024-01-30,"Cash"
384,45,"Male","Furniture",7,NA,2023-10-11,"Cash"
385,19,"Male",NA,1,822,2024-08-17,"UPI"
386,29,"Male","Electronics",9,NA,2023-11-03,"NetBanking"
387,64,"Other","Grocery",1,NA,2025-01-24,"Cash"
388,23,"Male","Clothing",1,839,2025-03-25,"Credit Card"
NA,33,"Male","Electronics",9,1387,2023-02-16,"UPI"
390,32,"Female","Electronics",8,741,2024-08-14,"NetBanking"
391,36,"Male",NA,6,NA,2024-08-02,"NetBanking"
392,20,"Female","Electronics",1,1138,2024-07-20,"Credit Card"
393,63,"Male","Grocery",5,190,2023-06-08,"UPI"
394,50,"Other","Grocery",4,311,2023-10-22,"Credit Card"
395,50,"Male","Furniture",NA,3792,2025-08-09,"UPI"
396,65,"Male","Furniture",6,2908,2024-10-21,"Credit Card"
397,28,"Female","Electronics",4,NA,2024-02-02,"Cash"
398,53,"Male","Grocery",2,358,2025-05-22,NA
399,61,"Other","Furniture",3,1975,2024-12-07,"Credit Card"
400,62,NA,"Furniture",2,4313,2025-07-28,"UPI"
401,27,NA,"Electronics",4,1112,2023-06-20,"Credit Card"
402,59,"Female","Grocery",2,204,2025-07-26,"Credit Card"
403,41,"Female","Grocery",7,73,2024-04-04,"Credit Card"
404,NA,"Male","Clothing",3,804,2025-04-26,"Credit Card"
405,56,"Female","Clothing",4,545,2024-04-21,"Cash"
406,35,"Other","Clothing",4,365,2023-05-19,"UPI"
407,34,"Male","Furniture",9,2890,NA,"UPI"
NA,37,"Male","Furniture",3,1278,2023-04-22,"NetBanking"
409,26,"Other","Grocery",6,108,2023-10-26,"NetBanking"
410,28,"Female","Grocery",1,147,2025-06-04,"Credit Card"
411,61,"Male","Grocery",7,439,2024-11-16,"Credit Card"
412,25,"Female","Electronics",1,958,2024-03-03,"UPI"
413,22,"Male","Grocery",10,406,2024-08-09,"Cash"
414,46,"Female","Clothing",8,896,2024-06-16,"NetBanking"
415,23,"Female","Electronics",2,1777,2025-02-13,"Credit Card"
416,27,"Male","Furniture",4,1561,2023-08-08,"Cash"
417,NA,"Female","Grocery",1,164,2023-05-30,"UPI"
418,26,"Male","Furniture",6,3811,2024-11-28,"UPI"
419,28,"Female","Furniture",3,2119,2025-03-24,"NetBanking"
420,23,"Female","Electronics",8,1288,2024-03-17,"Cash"
421,49,NA,"Furniture",5,2226,2023-09-14,"Credit Card"
422,29,"Female","Grocery",3,72,2025-05-07,"NetBanking"
423,36,"Female","Grocery",3,499,2024-05-20,"UPI"
NA,44,"Other","Electronics",10,917,2023-03-10,"Credit Card"
425,49,NA,"Electronics",5,1157,2024-12-10,"Credit Card"
426,44,"Male","Furniture",9,4951,2024-06-21,"Cash"
427,47,"Female","Electronics",7,1816,2024-03-19,"UPI"
428,21,NA,"Furniture",5,3031,2024-10-05,"NetBanking"
429,41,"Other","Electronics",6,1692,2025-07-06,"Credit Card"
430,45,"Male","Grocery",1,287,2023-04-29,"Credit Card"
431,20,NA,"Furniture",NA,3382,2025-07-15,"Cash"
432,63,"Other","Clothing",NA,873,2024-07-08,"NetBanking"
433,57,"Male","Electronics",10,759,2025-04-07,"NetBanking"
434,23,"Female","Clothing",3,454,2024-03-10,"UPI"
435,53,"Female","Electronics",4,872,2024-06-26,"Credit Card"
436,59,"Female","Grocery",7,213,NA,"Cash"
437,65,"Male","Electronics",9,1509,2023-11-06,"Credit Card"
438,NA,"Male","Furniture",6,1673,NA,"NetBanking"
NA,65,"Other","Electronics",3,1171,2025-01-20,"Cash"
NA,27,"Female","Furniture",6,NA,2023-06-26,"Credit Card"
441,42,"Other","Clothing",4,NA,2023-09-20,"UPI"
442,55,"Male","Furniture",4,2519,2024-10-23,"Cash"
443,53,"Male","Furniture",2,2303,2024-08-17,"Credit Card"
444,58,"Male","Clothing",5,353,2023-12-10,"NetBanking"
445,42,"Other",NA,NA,2109,2024-05-07,"Cash"
446,21,"Male","Electronics",4,754,2025-04-22,"UPI"
447,32,"Male","Grocery",8,488,2024-07-28,"Credit Card"
448,39,"Female","Furniture",5,2044,2025-07-24,"Credit Card"
449,41,"Female","Grocery",4,423,2024-08-10,"UPI"
450,56,"Other","Grocery",6,479,2025-02-19,"Credit Card"
451,64,"Male","Electronics",NA,906,2024-12-13,"NetBanking"
452,54,"Female","Grocery",3,154,2024-10-17,"UPI"
453,63,"Female","Furniture",3,NA,2025-07-05,"NetBanking"
454,64,"Male","Electronics",1,938,2024-11-06,"Cash"
455,32,"Female","Clothing",1,952,2024-05-08,"UPI"
456,NA,"Other","Electronics",7,1543,2024-09-08,"Cash"
457,36,"Male","Clothing",8,667,2023-06-11,"NetBanking"
458,25,"Female","Electronics",1,918,2024-01-21,"NetBanking"
459,48,"Male","Furniture",5,2259,2023-05-01,"UPI"
460,54,"Other","Grocery",6,367,2025-04-01,"Cash"
461,56,"Male","Clothing",1,537,2024-05-20,"NetBanking"
462,65,"Male","Clothing",3,955,2024-03-27,"NetBanking"
463,33,"Female","Furniture",10,3321,2025-07-30,"Cash"
464,26,"Male","Clothing",1,768,2024-11-17,"Cash"
465,28,"Female","Grocery",2,62,2025-05-07,"Cash"
466,60,"Male","Grocery",6,69,2024-07-01,"Credit Card"
467,47,"Female","Furniture",10,1616,2024-02-25,"NetBanking"
468,27,"Female","Furniture",5,1643,2024-06-01,"NetBanking"
469,51,"Male","Clothing",2,NA,2023-06-09,"NetBanking"
NA,55,"Male","Grocery",5,153,2024-01-07,"NetBanking"
471,37,"Female","Clothing",6,449,2024-09-21,"Cash"
472,63,"Female","Grocery",3,447,2023-05-30,"Cash"
473,31,"Male","Electronics",10,1606,2024-04-21,"Cash"
474,23,"Male","Grocery",3,402,2024-11-04,"NetBanking"
475,35,"Female","Electronics",3,1735,2024-07-16,"Credit Card"
476,19,"Female","Electronics",3,814,2024-02-19,"UPI"
477,25,"Other","Clothing",1,637,2023-02-20,NA
478,28,"Female","Electronics",5,1975,2023-06-10,"Cash"
479,NA,"Male","Electronics",7,1610,2023-07-12,"UPI"
480,24,"Male","Clothing",1,647,2025-07-13,"Credit Card"
481,40,"Female","Furniture",8,1326,2025-03-22,"Credit Card"
482,25,"Female","Electronics",1,638,2025-08-10,"UPI"
483,27,"Male","Grocery",1,223,2025-04-23,"Cash"
484,54,"Male","Furniture",7,1416,2025-03-12,"UPI"
NA,34,"Female","Clothing",9,865,2024-04-26,"Credit Card"
486,23,"Female","Clothing",8,881,2023-11-15,NA
487,57,"Male","Grocery",10,217,2024-07-27,"Cash"
488,23,NA,"Clothing",2,574,2023-04-22,"UPI"
489,64,"Male","Electronics",4,662,2023-12-28,"Cash"
490,45,"Male","Grocery",2,272,2025-05-09,"Cash"
491,49,"Female","Grocery",9,433,2024-09-21,"NetBanking"
492,52,"Male","Electronics",8,1263,2023-04-23,"NetBanking"
493,45,"Female","Furniture",8,2803,2023-01-10,"NetBanking"
494,64,"Male","Furniture",7,4494,2023-01-27,"Cash"
495,37,"Male","Electronics",1,1901,2025-04-10,"Cash"
496,18,"Female","Grocery",3,346,2024-05-03,"UPI"
497,22,"Other","Furniture",8,4124,2024-10-20,"NetBanking"
498,28,"Male","Furniture",3,1566,2024-07-10,"UPI"
499,64,"Male","Electronics",6,647,2023-06-17,"Credit Card"
500,NA,"Male","Electronics",7,650,2024-03-03,"Credit Card"
501,19,NA,"Furniture",7,2528,2024-11-28,"Credit Card"
502,65,"Male","Electronics",4,1698,2025-03-06,"Cash"
503,27,"Male","Grocery",4,214,2024-11-23,"Cash"
504,24,"Male","Clothing",4,745,2024-08-19,"NetBanking"
505,55,"Male","Electronics",NA,1165,2023-08-05,"Credit Card"
506,61,"Male","Electronics",5,1238,2024-02-02,NA
507,53,"Male","Grocery",8,NA,2023-11-25,"NetBanking"
508,40,"Female","Electronics",1,1431,2024-03-23,"UPI"
NA,51,"Male","Electronics",3,1278,2024-08-19,"Cash"
510,41,NA,"Furniture",5,1082,2023-03-03,"NetBanking"
511,21,"Other","Electronics",2,927,2025-06-25,"NetBanking"
512,NA,"Female","Furniture",5,2318,2025-01-29,"NetBanking"
513,40,"Female","Furniture",8,2329,2023-08-12,"NetBanking"
514,28,"Male","Furniture",NA,3888,2023-04-30,NA
515,50,"Male","Electronics",5,1517,2024-06-23,"UPI"
516,65,"Male","Furniture",8,4361,2024-07-04,"Cash"
517,20,"Female","Electronics",7,1602,2024-02-22,"UPI"
518,50,"Male","Clothing",2,601,NA,"Credit Card"
519,47,"Male","Furniture",5,NA,2025-06-04,NA
520,51,"Male","Grocery",4,174,2024-03-31,"UPI"
NA,19,"Male","Grocery",8,291,2024-12-07,"Credit Card"
522,57,"Male","Electronics",7,1554,2023-06-05,"UPI"
523,37,"Other","Furniture",3,NA,2023-01-11,"Credit Card"
524,31,"Female","Furniture",10,3007,2025-02-03,"NetBanking"
525,42,"Female","Electronics",6,NA,2024-03-13,"NetBanking"
526,62,"Female","Grocery",5,74,2025-08-23,"Cash"
527,24,"Male","Clothing",1,892,2023-06-05,"Cash"
528,57,NA,"Furniture",NA,3749,2024-05-03,"UPI"
529,52,"Other","Electronics",8,1022,2025-06-10,"NetBanking"
530,48,"Male","Grocery",10,56,2025-01-06,"Credit Card"
531,39,"Female",NA,8,2588,2025-08-17,"NetBanking"
532,33,"Male","Clothing",3,293,2023-08-10,"NetBanking"
533,39,"Female",NA,3,279,2023-04-21,NA
534,46,"Male","Grocery",5,321,2023-11-17,"Cash"
535,50,"Male","Clothing",7,536,2025-06-24,"Cash"
536,61,"Female","Furniture",7,4505,2025-06-08,"Credit Card"
537,48,"Male","Electronics",NA,1587,2024-11-02,"Cash"
538,63,"Female","Electronics",5,1433,2025-02-08,"Cash"
539,25,"Male","Electronics",4,661,2024-08-14,"Cash"
540,41,"Female","Electronics",1,1248,2024-04-11,"Credit Card"
541,47,"Other","Electronics",2,1516,2023-01-24,"Credit Card"
542,40,"Male","Clothing",7,329,2023-10-19,"UPI"
543,54,"Male","Furniture",1,NA,2024-10-10,"NetBanking"
544,49,"Female","Electronics",3,1656,2023-05-05,"NetBanking"
545,34,"Male","Grocery",4,394,2025-01-04,"UPI"
546,43,"Male","Electronics",1,630,2024-12-28,"UPI"
547,60,"Other","Grocery",10,91,NA,"UPI"
548,40,"Female","Furniture",5,2880,2025-06-09,"UPI"
549,43,"Male","Furniture",9,4869,2023-03-12,"NetBanking"
550,53,"Other","Clothing",8,949,2024-01-14,"Credit Card"
551,62,"Male",NA,NA,407,2025-06-21,"UPI"
552,25,"Male","Furniture",10,3654,2023-08-29,"NetBanking"
553,32,"Female","Electronics",NA,622,2023-03-02,"Cash"
554,53,"Male","Grocery",4,57,2023-01-10,"UPI"
555,62,"Male","Clothing",3,808,2023-10-19,"Credit Card"
556,20,NA,NA,2,1825,2024-08-26,"Cash"
557,56,"Female","Grocery",2,415,2023-03-11,"UPI"
558,50,"Male","Clothing",2,541,2024-12-31,"Credit Card"
559,55,"Male","Grocery",8,125,2023-04-13,"Cash"
560,62,"Male","Grocery",2,86,2024-06-30,"NetBanking"
561,43,"Female","Clothing",5,505,2024-07-12,"Cash"
562,45,"Male","Electronics",3,1683,2024-09-21,"Cash"
563,43,"Female","Furniture",5,4062,2024-03-30,"UPI"
564,34,"Female","Electronics",7,1450,2023-11-08,"UPI"
565,40,"Female","Electronics",6,1542,2024-08-17,"Credit Card"
566,55,"Other","Clothing",3,1000,2025-06-15,"Cash"
567,27,"Female","Furniture",9,3614,2025-06-03,"Credit Card"
568,62,"Female","Electronics",8,1349,2024-11-02,"UPI"
569,55,"Other","Clothing",3,823,2023-10-10,"Credit Card"
570,58,"Female","Electronics",9,1426,2025-08-02,"Credit Card"
571,25,"Male","Clothing",1,NA,2024-12-24,"Cash"
572,18,"Female","Furniture",3,3261,2023-08-23,"NetBanking"
573,33,"Female","Grocery",7,421,2023-03-09,"Credit Card"
574,19,"Female","Grocery",8,348,NA,"NetBanking"
575,57,"Female","Grocery",9,79,2024-10-13,"Credit Card"
576,31,"Male","Furniture",10,1491,2024-10-10,"Credit Card"
577,29,"Female","Electronics",3,1702,NA,"Credit Card"
578,43,"Female","Electronics",4,NA,2023-07-30,"Cash"
579,25,"Female","Clothing",2,710,2025-03-11,"UPI"
580,58,"Male","Electronics",10,1698,2024-05-02,"NetBanking"
581,25,"Male","Clothing",1,288,2024-01-15,"UPI"
582,NA,"Other",NA,NA,1028,2023-05-25,"Cash"
583,50,"Female","Electronics",10,1755,2025-02-25,"Credit Card"
NA,20,"Male","Electronics",4,1900,2024-08-26,"NetBanking"
585,57,"Other","Clothing",2,294,NA,"Credit Card"
NA,19,"Male","Clothing",9,759,2025-01-08,"Credit Card"
587,18,"Female","Furniture",7,NA,2023-10-04,"UPI"
588,26,"Male","Furniture",9,3361,2023-06-12,NA
NA,24,"Female","Furniture",10,3940,2024-12-09,"NetBanking"
590,30,"Male",NA,10,69,2023-09-01,"UPI"
591,46,"Female","Furniture",6,3728,2024-05-27,"Cash"
592,37,"Female","Grocery",1,299,2023-01-13,"NetBanking"
593,31,"Female","Furniture",9,4669,2024-09-26,"Cash"
594,NA,"Male","Grocery",2,249,2024-01-30,"UPI"
595,24,"Male","Electronics",5,1613,2024-07-17,"Credit Card"
596,53,"Male","Electronics",5,708,2023-11-19,"Cash"
597,62,"Male","Clothing",5,758,2024-09-10,"Cash"
598,29,"Male","Electronics",5,988,2023-10-21,"Cash"
599,42,"Male","Furniture",8,4606,2024-12-11,"NetBanking"
600,44,"Male","Electronics",7,1588,2025-04-02,"Cash"
601,30,"Female","Electronics",5,1369,2023-11-08,"Credit Card"
602,37,"Male","Furniture",NA,1411,2023-06-27,"Cash"
603,27,"Male","Clothing",1,252,2024-12-14,"Cash"
604,47,"Male","Electronics",5,1738,2023-01-14,"Credit Card"
605,58,"Male","Electronics",8,1805,2025-08-21,"Cash"
606,29,"Female","Electronics",4,1731,2025-02-27,"Cash"
607,25,"Female","Electronics",6,1253,2023-02-02,"Credit Card"
608,NA,"Male","Grocery",10,345,2024-06-05,"Credit Card"
609,32,"Male","Clothing",3,227,2024-04-05,NA
NA,36,NA,"Clothing",2,537,2023-09-29,"UPI"
611,60,"Male","Electronics",7,919,2025-07-12,"Cash"
612,56,"Male","Furniture",4,3939,2024-12-13,"NetBanking"
613,40,"Other","Clothing",10,364,2023-01-30,"Cash"
614,52,"Male","Furniture",1,4544,2025-01-23,"Cash"
615,23,"Male","Clothing",6,303,2023-05-15,"UPI"
616,24,"Female","Electronics",6,1530,2025-06-01,"Credit Card"
617,21,"Male","Grocery",NA,146,2025-01-23,"Credit Card"
618,27,"Female","Grocery",10,424,2023-04-27,"NetBanking"
619,34,"Male","Clothing",3,480,2024-06-24,"Cash"
620,65,"Other","Furniture",1,1294,2024-05-05,"Credit Card"
621,25,"Male","Grocery",7,219,2023-04-20,"Credit Card"
622,20,"Female","Clothing",10,730,2025-05-11,"Credit Card"
623,61,"Female","Electronics",6,1966,2023-10-25,"Cash"
624,63,"Female","Electronics",4,1797,2023-11-20,"NetBanking"
625,54,"Female","Grocery",4,428,2025-04-16,"Credit Card"
626,31,"Female","Furniture",5,4627,2023-04-13,"Credit Card"
627,45,"Male","Clothing",3,768,2024-08-17,"NetBanking"
628,23,"Male","Clothing",3,218,2023-07-09,"Cash"
629,26,"Female","Furniture",8,3349,2023-01-21,"NetBanking"
630,50,"Male","Furniture",4,3822,2024-01-15,"Credit Card"
631,63,"Male","Grocery",9,447,2023-05-28,"Credit Card"
632,NA,"Female","Grocery",1,196,2025-08-26,"Cash"
633,54,"Female","Furniture",4,3668,NA,"UPI"
634,51,"Male","Grocery",10,114,2023-02-28,"NetBanking"
NA,18,"Female","Clothing",2,659,2023-01-24,"NetBanking"
636,45,"Male","Furniture",NA,1981,2024-03-01,"NetBanking"
637,47,"Female",NA,10,1504,2024-04-27,"NetBanking"
638,21,"Male","Clothing",6,435,2025-02-17,"UPI"
639,43,"Male",NA,7,1733,2024-07-31,"UPI"
640,28,"Female","Grocery",4,340,2024-10-06,"UPI"
641,22,NA,"Furniture",7,3820,2024-07-11,"UPI"
642,53,"Male","Grocery",3,50,2024-03-21,"UPI"
643,36,"Female","Clothing",7,659,2024-06-02,"Credit Card"
644,52,"Female","Electronics",10,661,2023-11-11,"Cash"
645,50,"Male","Furniture",2,4925,2023-10-31,"Credit Card"
646,56,"Male","Electronics",1,1317,2024-06-15,"Credit Card"
NA,22,"Female","Furniture",3,NA,2024-01-17,"NetBanking"
648,40,"Male","Electronics",9,1893,2025-08-01,"NetBanking"
649,58,"Male",NA,3,4820,2024-11-10,"Cash"
650,42,"Female","Grocery",3,386,2023-07-04,"Cash"
651,38,"Other","Clothing",9,967,2024-04-11,"Credit Card"
652,22,"Female","Grocery",10,474,2024-01-08,"UPI"
653,29,"Female","Electronics",4,1342,2024-04-27,"Cash"
654,19,NA,"Grocery",8,409,2023-09-17,"NetBanking"
655,35,"Female","Furniture",4,NA,2023-01-20,"NetBanking"
656,21,NA,"Electronics",1,1237,2023-10-05,"Cash"
657,59,"Female","Clothing",3,790,2023-02-08,"NetBanking"
658,64,"Female","Grocery",7,349,2025-01-20,"Credit Card"
659,40,"Other","Furniture",7,2603,2023-05-14,"Cash"
660,25,"Male","Clothing",6,783,2025-03-22,"UPI"
661,18,"Female","Furniture",1,3434,2024-05-16,"Credit Card"
662,28,"Male","Grocery",7,483,2024-02-02,"Credit Card"
663,54,"Male","Electronics",3,1631,2023-07-05,"NetBanking"
664,28,"Male",NA,8,189,2025-01-23,"Credit Card"
665,32,"Male","Furniture",6,1806,2025-06-24,"Credit Card"
666,32,"Male","Grocery",2,370,NA,"NetBanking"
NA,59,"Female",NA,9,621,2023-06-13,"UPI"
668,32,"Female",NA,1,235,2025-06-02,"UPI"
669,32,"Other","Grocery",5,131,2025-02-16,"UPI"
670,61,"Female","Furniture",10,2778,2023-09-04,"Credit Card"
NA,58,"Male","Electronics",5,1409,2023-06-18,"UPI"
672,42,"Male","Grocery",10,113,2023-01-16,"NetBanking"
673,53,"Female","Electronics",5,1487,2025-08-30,"Cash"
674,20,"Female","Furniture",2,2943,NA,"UPI"
675,NA,"Male","Grocery",6,459,2025-03-17,"Credit Card"
676,21,"Female","Clothing",10,201,2024-01-23,"Credit Card"
677,57,"Female","Furniture",6,4738,NA,"Cash"
678,54,"Male","Clothing",10,706,2025-02-10,NA
679,41,"Male","Furniture",4,3725,2025-01-02,"UPI"
680,55,"Female","Grocery",8,419,NA,"Credit Card"
681,21,"Male","Electronics",3,683,2024-03-04,"Cash"
682,20,"Female","Electronics",NA,915,NA,"Credit Card"
683,28,"Male","Furniture",1,3786,2023-10-06,"Credit Card"
684,27,"Female","Grocery",7,207,2025-07-25,NA
685,46,"Female","Clothing",5,840,2025-06-16,"Credit Card"
686,40,"Male","Furniture",5,3942,2024-08-28,"Credit Card"
687,NA,"Female","Electronics",6,1045,2023-09-20,"Credit Card"
688,41,"Male","Grocery",7,75,2024-12-07,"NetBanking"
689,NA,"Female","Clothing",8,773,2023-09-06,"NetBanking"
690,NA,"Female","Clothing",2,717,2024-05-02,"Cash"
691,28,"Female","Clothing",10,966,2025-06-24,"Cash"
692,27,"Female","Grocery",7,344,2025-01-31,"NetBanking"
693,32,"Female","Furniture",1,2502,2024-04-23,"Credit Card"
694,NA,"Male",NA,10,547,2023-03-26,"UPI"
695,27,NA,"Grocery",4,NA,2024-05-21,NA
696,62,"Male","Clothing",7,761,2024-11-27,"Cash"
697,41,"Female","Electronics",8,720,2024-07-07,"NetBanking"
698,52,"Female","Electronics",6,1098,2023-07-09,"Credit Card"
699,27,"Female","Electronics",3,1981,2025-06-20,"Credit Card"
700,25,"Female","Furniture",7,3169,2023-05-27,"Credit Card"
701,61,"Male","Clothing",NA,885,2025-08-24,"Cash"
NA,59,"Female","Grocery",7,393,2023-12-17,"Cash"
703,49,"Male","Grocery",10,470,2023-01-15,"NetBanking"
704,56,"Male","Grocery",9,146,2025-03-19,"Credit Card"
705,24,"Other","Furniture",10,1357,2023-10-02,"UPI"
706,55,"Female","Furniture",10,2294,2024-11-03,"NetBanking"
707,34,"Male","Clothing",10,293,2023-08-31,"Credit Card"
708,37,"Female","Clothing",3,529,2023-03-31,NA
709,50,"Female","Electronics",1,897,2024-06-06,"UPI"
710,54,"Female","Furniture",3,2011,2025-04-01,"NetBanking"
711,27,"Other","Clothing",9,517,2025-08-18,"NetBanking"
712,62,"Female","Grocery",NA,281,2023-07-19,"UPI"
NA,NA,"Other",NA,10,1239,2025-04-29,"NetBanking"
714,19,"Female","Clothing",9,401,2024-12-18,"NetBanking"
715,32,"Female",NA,7,104,2025-07-19,NA
NA,40,"Female","Electronics",10,1660,2023-02-21,NA
717,64,"Male","Grocery",1,306,2024-07-05,"UPI"
718,57,"Male","Grocery",1,98,2025-07-06,"Credit Card"
719,52,NA,"Grocery",1,381,2025-05-04,"UPI"
720,19,"Male","Electronics",7,1404,2025-04-04,"Credit Card"
721,23,"Male","Electronics",4,1627,2024-07-05,"NetBanking"
722,63,"Male","Grocery",9,346,2023-03-18,"UPI"
723,64,"Male","Clothing",7,874,2023-07-06,"NetBanking"
724,26,"Female","Furniture",2,4109,2025-04-08,"UPI"
725,40,"Female","Grocery",NA,65,2024-02-10,NA
726,42,"Male","Electronics",5,1493,2025-07-23,"UPI"
727,32,"Male","Electronics",6,941,2024-11-02,"UPI"
NA,39,"Other","Furniture",8,3287,2023-04-27,"Credit Card"
729,65,"Other","Furniture",1,3803,2023-07-03,"Cash"
730,25,"Male",NA,5,4218,2024-05-28,"Cash"
731,46,"Female","Electronics",8,1799,2023-04-21,"Credit Card"
732,58,"Female","Electronics",7,1113,2023-03-09,"UPI"
733,38,"Female","Electronics",10,1879,2024-10-31,"Cash"
734,65,"Male","Furniture",5,1981,2023-11-13,"Credit Card"
735,26,"Other","Grocery",8,116,2025-01-22,"NetBanking"
736,51,"Other","Grocery",2,55,2023-06-07,NA
737,58,"Male","Furniture",5,2766,2023-01-18,"UPI"
738,60,"Female","Furniture",1,3927,2025-06-29,"NetBanking"
739,28,"Female","Grocery",6,188,2023-03-05,NA
740,21,"Male","Furniture",NA,3811,2023-10-15,"Cash"
741,24,"Male","Grocery",3,234,2023-11-09,"Credit Card"
NA,28,"Female","Clothing",7,631,2023-06-04,"NetBanking"
743,50,"Other","Grocery",8,349,2024-01-08,"NetBanking"
744,28,"Female","Grocery",5,429,2024-12-27,"Cash"
NA,55,"Other","Electronics",8,1588,2024-08-28,"UPI"
746,38,"Female","Electronics",1,1924,2025-02-26,"UPI"
747,27,"Male","Furniture",5,1238,2024-08-14,"UPI"
748,20,"Male","Clothing",8,919,2025-08-02,"Cash"
749,NA,"Male","Electronics",7,1755,2023-04-14,"NetBanking"
750,51,"Male","Grocery",5,108,2025-02-12,"NetBanking"
751,57,"Female","Clothing",7,804,2025-05-23,"Cash"
752,45,"Male","Electronics",8,1509,NA,"Cash"
753,30,"Male","Grocery",10,229,2023-04-17,"Cash"
754,25,"Male","Electronics",3,1955,2025-06-14,"NetBanking"
755,19,"Female","Electronics",8,1542,2024-08-03,"Cash"
756,23,"Female","Grocery",2,346,2025-06-05,"Cash"
757,40,"Female","Furniture",4,2220,2025-04-12,"Cash"
758,34,"Female","Furniture",7,1783,2023-09-23,"Cash"
759,49,"Male","Grocery",8,138,2025-06-20,NA
760,31,"Other","Clothing",4,756,2024-01-18,"NetBanking"
761,24,"Female","Furniture",1,2494,2024-02-25,"Cash"
762,30,"Other","Electronics",3,NA,2025-01-01,"Cash"
763,25,"Male","Furniture",9,3579,2023-07-22,"Cash"
764,55,"Female","Grocery",5,340,2024-09-18,"UPI"
765,28,"Male",NA,3,403,2025-07-23,"NetBanking"
766,59,"Male","Clothing",7,NA,2024-05-06,"UPI"
767,34,"Male",NA,5,2327,2023-10-27,"Credit Card"
768,24,"Female","Grocery",7,456,2023-08-01,"NetBanking"
769,61,"Other","Furniture",5,2334,2024-10-19,"NetBanking"
770,36,"Female","Furniture",8,3845,2024-02-16,"UPI"
771,57,"Female","Grocery",3,379,2023-01-02,"UPI"
772,32,"Male","Grocery",4,304,2025-07-18,NA
773,63,"Male",NA,5,532,2023-12-11,"Credit Card"
774,31,"Female","Clothing",8,537,2023-03-06,"NetBanking"
775,NA,"Male","Grocery",7,230,2023-10-05,"NetBanking"
776,44,"Male","Furniture",NA,2481,2024-11-06,"UPI"
777,34,"Female","Grocery",6,50,2024-01-15,"UPI"
778,50,"Other","Clothing",8,820,2025-06-24,NA
779,35,"Male","Grocery",4,81,2023-04-03,"Cash"
780,37,"Female","Electronics",4,1496,2024-04-05,"Cash"
781,44,"Female","Electronics",4,1271,NA,NA
782,59,"Female","Furniture",10,4421,2023-08-03,"Cash"
783,27,NA,"Grocery",9,62,2023-06-29,"NetBanking"
784,26,"Female","Clothing",10,830,2023-06-22,"UPI"
785,48,"Female","Clothing",1,798,2025-07-15,"Credit Card"
786,36,"Male","Electronics",NA,1777,2023-03-03,"UPI"
787,35,"Other","Electronics",9,867,NA,"UPI"
788,61,"Female","Electronics",10,871,2023-08-01,"NetBanking"
789,61,"Male","Furniture",4,4078,2025-06-27,"UPI"
790,NA,"Female","Furniture",8,2131,2023-01-26,"UPI"
791,38,"Male",NA,7,270,2024-01-06,"NetBanking"
792,46,"Female","Furniture",2,1323,2025-04-01,"UPI"
793,53,"Female","Electronics",2,1843,2025-06-20,"Credit Card"
794,37,"Other","Electronics",7,1042,NA,"Cash"
795,NA,"Male","Grocery",NA,318,2023-01-13,"UPI"
796,59,"Male","Clothing",10,468,2023-02-02,"Cash"
797,22,"Female","Grocery",6,481,2024-03-07,"Credit Card"
798,19,"Female","Clothing",8,980,2025-02-13,"UPI"
799,35,"Male","Grocery",1,145,2023-05-09,"Credit Card"
800,NA,"Male","Grocery",7,201,2024-01-04,"NetBanking"
801,30,NA,"Grocery",3,182,2024-04-10,"Credit Card"
802,60,"Female","Electronics",2,794,2024-01-09,"Credit Card"
803,55,"Female","Furniture",6,NA,2024-06-27,NA
804,35,"Male","Furniture",9,3402,2025-03-02,"Cash"
805,27,"Male","Clothing",10,779,2023-12-29,NA
806,26,"Female","Grocery",9,321,2024-02-01,"Credit Card"
807,52,"Male","Electronics",8,1533,2025-04-16,"UPI"
808,46,"Female","Grocery",7,NA,2023-08-28,"NetBanking"
809,39,"Male","Grocery",5,140,NA,NA
810,36,"Male","Grocery",NA,400,2025-07-23,"Credit Card"
811,25,"Other","Electronics",4,830,2024-03-29,"Cash"
812,62,"Male","Furniture",4,4222,2024-08-01,"NetBanking"
813,50,"Female","Grocery",7,474,2023-10-17,"Cash"
814,19,"Female","Electronics",3,1268,2024-09-19,"Cash"
815,60,"Male","Grocery",NA,112,2024-01-09,"UPI"
816,65,NA,"Furniture",9,3131,2023-02-20,"UPI"
817,22,"Male","Grocery",10,230,2023-09-30,"NetBanking"
818,38,"Male","Furniture",7,2767,2024-07-22,"Cash"
819,48,"Female","Grocery",3,442,2024-04-22,"NetBanking"
820,53,"Other","Electronics",8,1234,2024-08-10,"NetBanking"
NA,NA,"Female","Electronics",8,1505,2024-12-26,NA
822,40,NA,"Grocery",NA,108,2025-06-23,"NetBanking"
823,20,"Female","Electronics",7,1771,2024-03-23,"NetBanking"
824,32,"Female","Clothing",8,833,2023-11-05,"Credit Card"
825,59,NA,"Grocery",2,178,2023-07-30,"NetBanking"
826,NA,"Male","Electronics",1,1714,2024-07-09,"Cash"
827,24,"Male","Electronics",4,1005,2025-02-27,"Credit Card"
828,51,"Male","Furniture",7,3903,2025-01-08,"UPI"
829,48,"Other","Electronics",4,741,2023-07-27,"NetBanking"
830,35,"Male","Furniture",10,4790,2024-09-16,"Credit Card"
831,35,"Male","Grocery",NA,391,2023-12-25,"Cash"
832,52,"Female","Grocery",4,87,2024-06-13,"NetBanking"
833,57,"Female","Grocery",3,288,2024-07-22,"NetBanking"
834,63,"Female","Furniture",2,3884,2024-12-28,"Cash"
835,26,"Female","Furniture",6,3704,2025-02-16,"Credit Card"
836,32,"Female","Clothing",2,664,2024-12-31,"Cash"
837,34,"Female",NA,5,2093,2024-06-15,"NetBanking"
838,NA,"Female",NA,5,1793,2025-07-09,"NetBanking"
839,47,"Male","Clothing",4,475,2023-01-20,"NetBanking"
840,25,"Male","Furniture",7,1285,2023-10-22,"UPI"
841,18,"Female","Clothing",3,713,2024-05-07,"UPI"
842,26,"Other","Grocery",4,289,2024-06-10,"NetBanking"
843,52,"Male","Grocery",NA,177,2025-07-06,"NetBanking"
844,42,"Female",NA,9,268,2024-10-10,"Credit Card"
845,19,"Female","Grocery",3,400,2024-12-24,"UPI"
NA,28,"Female","Electronics",2,1543,2023-11-16,"UPI"
847,21,"Male","Furniture",5,3254,2023-01-10,"Credit Card"
848,57,"Male","Furniture",8,3763,2023-04-22,"Credit Card"
849,37,"Female","Grocery",5,279,2023-02-02,"UPI"
850,28,"Female","Electronics",9,1345,2024-01-16,"Cash"
851,35,"Other","Furniture",5,3805,2024-12-15,"Credit Card"
852,31,"Female","Clothing",7,821,2025-08-24,"UPI"
853,20,"Male","Furniture",NA,4173,2023-02-07,"UPI"
854,45,"Male","Furniture",6,2231,NA,"UPI"
NA,20,"Male","Electronics",5,922,2025-01-28,"Cash"
856,63,"Other","Clothing",8,722,2024-10-12,NA
857,45,"Female","Grocery",4,422,2023-11-17,"Credit Card"
858,46,"Other","Electronics",7,1742,2024-03-11,"UPI"
859,56,"Male","Electronics",8,1253,2025-01-10,"NetBanking"
860,40,"Female","Electronics",3,568,2023-09-06,"UPI"
NA,32,"Female","Electronics",6,713,NA,"NetBanking"
862,40,NA,"Grocery",4,185,2024-06-28,"NetBanking"
863,41,"Female","Electronics",3,1697,2023-08-30,"UPI"
864,57,"Female","Clothing",1,554,2024-10-27,NA
865,50,"Male",NA,10,1051,2024-04-12,"NetBanking"
866,54,"Female","Grocery",8,371,2023-03-29,"Credit Card"
867,NA,"Female","Grocery",9,206,2024-02-23,"UPI"
868,23,"Male","Grocery",3,NA,2023-04-24,"Cash"
869,42,"Female","Grocery",2,177,2024-02-26,"Cash"
870,59,"Male","Electronics",NA,1876,2023-05-03,"UPI"
871,43,NA,"Furniture",4,3986,2024-03-24,"NetBanking"
872,NA,"Male","Clothing",10,286,2025-02-02,"Cash"
873,61,"Female","Electronics",8,1691,2024-01-25,"UPI"
874,49,"Male","Clothing",1,868,2025-07-02,"NetBanking"
875,25,"Male","Clothing",8,803,2025-03-10,"NetBanking"
876,33,"Female","Furniture",1,3889,2024-02-02,"Credit Card"
877,56,"Male","Grocery",2,86,2023-05-03,"Credit Card"
878,49,"Male",NA,1,881,2023-05-07,"NetBanking"
879,56,NA,"Electronics",3,723,2023-01-13,"Credit Card"
880,18,"Male","Grocery",6,424,2025-07-25,"UPI"
NA,47,"Male","Electronics",9,631,2023-06-30,"Credit Card"
882,42,"Female","Grocery",10,72,2025-08-08,"Credit Card"
883,60,"Male","Furniture",2,2499,2023-12-08,"Cash"
884,20,"Other","Electronics",3,1135,2023-06-01,"UPI"
885,NA,"Male","Clothing",8,865,2023-08-09,"Credit Card"
886,34,"Male","Grocery",1,173,2023-08-13,"UPI"
887,37,"Male","Furniture",7,NA,2025-05-21,"NetBanking"
888,52,"Male","Clothing",9,NA,2025-04-19,"UPI"
NA,31,"Female","Grocery",1,437,2024-03-13,"Cash"
890,54,"Female","Furniture",10,3996,2023-08-30,"UPI"
891,41,"Male","Furniture",3,4693,2025-03-29,"Credit Card"
892,47,"Male",NA,10,812,2023-01-09,"Cash"
893,25,"Male","Furniture",1,4364,2024-12-30,"Credit Card"
894,37,"Female","Clothing",NA,711,2023-10-27,"Cash"
895,27,"Female","Clothing",4,473,2023-07-24,"Credit Card"
896,39,"Male","Grocery",6,NA,2023-04-07,"Cash"
897,34,"Female","Furniture",NA,3427,2023-07-04,NA
898,26,"Male","Furniture",8,2695,2023-07-06,"Credit Card"
899,52,"Male","Clothing",4,395,2023-10-02,"NetBanking"
900,54,"Female","Clothing",7,294,2025-03-28,"NetBanking"
901,38,"Female","Furniture",1,4197,2024-12-12,"NetBanking"
902,33,"Male","Grocery",10,327,2024-12-22,"UPI"
903,43,"Female","Furniture",5,2900,2023-10-23,"Credit Card"
904,52,"Female","Grocery",10,406,2023-01-22,"Credit Card"
905,52,"Male","Grocery",1,449,2024-12-12,"Cash"
906,43,"Female","Furniture",1,3436,2024-05-20,"NetBanking"
907,NA,NA,"Clothing",8,282,2024-06-22,"UPI"
908,53,"Male","Grocery",3,384,2023-04-27,"Cash"
NA,64,"Male","Electronics",3,1752,2023-02-11,"Credit Card"
910,NA,"Female","Clothing",8,312,2025-07-13,"Cash"
911,45,"Female","Clothing",2,583,2024-09-29,"UPI"
912,46,"Male","Clothing",1,498,2025-06-19,"UPI"
913,30,NA,"Furniture",1,1563,2024-04-18,"Credit Card"
914,61,"Female","Grocery",7,232,2024-06-15,"NetBanking"
915,38,"Other","Electronics",3,NA,2024-01-06,"Credit Card"
916,42,"Female","Furniture",4,2576,2023-07-17,"UPI"
917,46,"Female","Electronics",10,1489,2023-04-05,"Cash"
918,37,"Female","Furniture",4,3552,2024-12-16,"Cash"
919,46,"Male","Grocery",7,274,2023-06-14,"NetBanking"
920,30,NA,"Electronics",6,1784,2023-02-21,"UPI"
921,30,"Male","Clothing",10,NA,2023-05-05,"Cash"
922,52,"Male","Electronics",4,NA,2024-12-06,"UPI"
923,22,"Male",NA,7,4652,2023-12-01,"Credit Card"
924,30,"Male","Electronics",3,1218,2023-05-15,"NetBanking"
925,40,"Female","Grocery",6,445,2025-08-31,"Credit Card"
926,45,"Male","Electronics",2,692,2025-02-21,"Cash"
927,61,"Other","Electronics",8,573,2023-05-23,"Cash"
928,25,"Female","Clothing",3,563,2024-03-26,"Credit Card"
929,55,NA,"Furniture",8,3045,NA,"NetBanking"
930,41,"Other","Clothing",4,912,2023-02-16,"Credit Card"
931,33,"Female","Grocery",3,416,2023-11-18,"Credit Card"
932,28,"Male","Grocery",10,430,2025-02-08,"UPI"
933,40,"Female","Furniture",3,2412,2024-11-09,"NetBanking"
934,47,"Other","Grocery",8,175,2025-01-02,"Cash"
NA,49,"Other","Furniture",4,4144,2024-11-05,"Credit Card"
936,44,NA,"Grocery",8,416,2025-03-25,"NetBanking"
937,61,"Female","Grocery",7,232,2024-07-20,"NetBanking"
938,65,"Male","Clothing",7,851,2024-04-23,"UPI"
939,32,"Female","Electronics",5,1734,2025-03-02,"NetBanking"
940,18,"Female","Furniture",10,4679,2024-08-25,"NetBanking"
941,61,"Other","Furniture",4,4192,2025-08-02,"Cash"
942,27,"Other","Furniture",4,4704,2024-02-22,"Credit Card"
943,39,"Male","Furniture",3,4495,2024-06-12,"UPI"
NA,59,"Male","Clothing",2,799,2025-07-13,"UPI"
945,53,"Female","Furniture",1,2531,2023-07-01,"NetBanking"
946,58,"Female","Grocery",1,306,2023-12-24,"Credit Card"
947,42,"Male","Grocery",9,400,2023-07-21,"UPI"
948,47,"Female","Clothing",5,574,2025-03-09,"Cash"
949,54,"Female","Furniture",NA,3202,2024-02-23,"Cash"
950,44,"Other","Clothing",1,751,2023-03-28,"UPI"
951,26,"Male","Clothing",1,567,2024-01-08,"UPI"
952,36,"Male","Clothing",6,392,2023-06-22,"UPI"
953,52,"Male",NA,8,755,2025-04-03,"Credit Card"
954,51,"Female","Grocery",2,356,2023-12-26,"UPI"
955,40,"Male","Grocery",7,319,2024-07-18,"Credit Card"
956,29,NA,"Clothing",3,423,2025-06-04,"UPI"
957,32,"Female","Grocery",7,445,2023-10-25,"NetBanking"
958,52,"Male","Electronics",9,551,2025-06-28,"NetBanking"
959,46,"Female","Furniture",6,1601,2024-04-12,NA
960,24,NA,"Electronics",9,1374,2023-08-05,NA
961,46,"Female","Furniture",7,3910,2023-05-09,"NetBanking"
962,62,"Female","Grocery",6,226,2023-05-09,"NetBanking"
963,63,"Female","Clothing",4,413,2025-07-09,"NetBanking"
964,51,"Female","Electronics",9,1523,2023-06-20,NA
965,26,"Other","Furniture",8,2176,2023-08-24,"Cash"
966,64,"Other","Grocery",8,499,2025-03-24,"NetBanking"
967,18,"Other","Clothing",8,500,2024-06-21,"Cash"
968,27,"Male","Furniture",1,3706,2023-07-17,"NetBanking"
969,58,"Female","Grocery",10,460,2024-07-29,"Cash"
970,58,"Female","Electronics",5,899,2025-03-05,NA
971,56,"Female","Clothing",1,500,2025-04-16,"UPI"
972,61,"Male","Clothing",2,544,2023-05-27,"Credit Card"
973,40,"Female","Grocery",10,384,2023-01-07,"Cash"
974,23,"Male","Clothing",6,665,2025-07-26,"Credit Card"
975,49,"Male","Furniture",2,4734,2024-01-15,"Credit Card"
976,56,"Female","Grocery",1,182,2024-05-17,NA
977,33,"Male","Grocery",8,495,2024-11-06,"Cash"
978,43,NA,"Grocery",10,473,2025-07-11,"Cash"
979,33,"Male","Clothing",6,819,2023-12-17,"UPI"
980,19,"Male","Furniture",6,2528,2024-03-20,"Credit Card"
981,51,"Female","Grocery",NA,447,2023-08-25,"Credit Card"
982,31,"Other","Clothing",3,637,NA,"UPI"
983,47,"Female",NA,5,2544,2023-06-17,"UPI"
984,45,"Female","Grocery",5,243,2023-03-29,"NetBanking"
985,38,"Male","Grocery",8,146,2025-01-06,"Credit Card"
986,40,"Female","Furniture",5,2843,2023-08-26,"Credit Card"
987,47,"Female","Electronics",5,796,2023-09-17,"Cash"
988,42,"Male","Furniture",2,3050,2023-02-15,"UPI"
989,56,"Male","Electronics",2,1852,2025-06-02,"UPI"
990,23,"Male","Furniture",6,4314,2025-06-29,"Credit Card"
991,21,"Male","Clothing",7,202,2025-07-14,"UPI"
992,20,"Male","Clothing",9,633,2023-05-06,"UPI"
993,63,"Female","Grocery",9,211,2023-04-11,"NetBanking"
994,63,"Male","Furniture",1,2876,2024-05-12,"UPI"
995,65,"Male","Furniture",4,3133,2024-12-07,"NetBanking"
996,27,"Female","Clothing",7,966,2023-01-16,"UPI"
997,45,"Male","Furniture",8,1747,2023-08-10,"Credit Card"
998,29,"Male","Furniture",9,1464,2023-12-26,"Credit Card"
999,20,"Other","Furniture",2,2520,2024-05-09,"Credit Card"
1000,18,"Female","Clothing",5,248,2025-04-22,"NetBanking"
